фланц;https://cdn.stpulscen.ru/system/ckeditor_assets/pictures/214333/content_60_flantsevoe_soedinenie_elementov_truboprovoda.png
фланц;https://berkut-rnd.ru/assets/images/6/.th/_thba936aecfa2d25290913c79f30b6109c.JPG
фланц;https://www.zavodsz.ru/images/phocagallery/03-09-zakl-det/Prostavka-flancevaya.jpg
фланц;https://st41.stpulscen.ru/images/product/360/277/884_big.jpg
фланц;https://st44.stpulscen.ru/images/product/239/616/222_big.jpg
фланц;https://cdn.stpulscen.ru/system/ckeditor_assets/pictures/265602/content_10_soedinenie_otdelnyh_uchastkov_truboprovoda_s_pomoschyu_flantsev.jpg
фланц;https://sdcomp.ru/img/pools/big/p-king-flanec-utf01xxx_1.jpg
фланц;https://st21.stpulscen.ru/images/product/318/956/588_original.jpg
фланц;https://volgagaz.nt-rt.ru/files/price/images/111723/uuuuuuu.jpg
фланц;https://rosarmatorg.ru/image/cache/catalog/product/flancevoesoedinenie1104smetflan2-500x500_1-1200x800.jpg
фланц;https://st22.stpulscen.ru/images/product/443/967/778_original.jpg
фланц;https://arm-snab.ru/upload/iblock/e6b/e6bf1514863f1d4d167c361f1e7a3c97.jpg
фланц;https://cdn.stpulscen.ru/system/ckeditor_assets/pictures/161709/content_12.jpg
фланц;https://ingcargo.ru/image/cache/catalog/742fa205-1000x1000.png
фланц;https://aspmarket.ru/upload/iblock/9d0/9d099bdf5e001a5d4df0972b46227f3a.jpg
фланц;https://www.fv78.ru/upload/iblock/08a/Mufta-regulirovochnaya.jpg
фланц;https://www.poolaria.com/1407-thickbox_default/enlace-con-bridas-pvc-kit-encolar.jpg
фланц;https://vtmstol.ru/files/news/articles/flancevoe-soedinenie/6-min.jpg
фланц;https://berkut-rnd.ru/_buran/seoModule/0e17bbf9dce4defcde584945f94ebc7d/img_th/bd9515667eb7cf10097333e445dc6efa.jpg
фланц;https://avatars.mds.yandex.net/get-mpic/5216721/img_id1179510550575503425.png/orig
фланц;https://cdn.stpulscen.ru/system/ckeditor_assets/pictures/378246/content_2.jpg
фланц;https://st3.stpulscen.ru/images/product/137/167/125_big.jpg
фланц;https://st12.stpulscen.ru/images/product/178/658/320_big.jpg
фланц;https://st20.stpulscen.ru/images/product/313/136/705_original.jpg
фланц;https://sanitarywork.ru/images/articles/tru-2/vidi_i_harakteristiki_obzhimnih_8.jpg
